<?xml version="1.0" encoding="UTF-8"?>
<genesis xmlns:xsi="http://www.w3.org/2001/XMLSchema-instance" 
         xmlns="http://genesis.uk.com/schemas/1.0/genesis-root" 
         xmlns:model="http://genesis.uk.com/schemas/1.0/genesis-xml-model"
         xsi:schemaLocation="http://genesis.uk.com/schemas/1.0/genesis-root engine/schemas/genesis.xsd
           http://genesis.uk.com/schemas/1.0/genesis-xml-model engine/schemas/genesis-xml-model.xsd">

  <!-- The model that is being used by this Genesis instance -->
    <model reader="com.uk.genesis.model.XmlModelReader">
    <!-- Declare the location of the global properties -->
        <model:global filename="config/common.xml" />
  
    <!-- Declare the model using Genesis XML Model extensions namespace -->
        <model:object name="Enterprise" path="config/${name}" filename="enterprise.xml" schema="engine/schemas/enterprise.xsd">
            <model:object name="Datacentre" path="physical/${name}" filename="datacentre.xml" schema="engine/schemas/datacentre.xsd">
                <model:object name="Rack" path="${name}" filename="rack.xml" schema="engine/schemas/rack.xsd">
                    <model:object name="Node" path="${name}" filename="node.xml" schema="engine/schemas/node.xsd"/>
                </model:object>
            </model:object>
            <model:object name="Service" path="logical/${name}" filename="service.xml" schema="engine/schemas/service.xsd">
                <model:object name="Environment" path="${name}" filename="environment.xml" schema="engine/schemas/environment.xsd">
                    <model:object name="Application" path="${name}" filename="application.xml" schema="engine/schemas/application.xsd"/>
                </model:object>
            </model:object>
        </model:object>
    </model>
    <archetypes>
        <archetype name="MyApplication" buildfile="archetypes/MyApplication/build-MyApplication.xml">
            <operation name="build" target="build-MyApplication" />
            <operation name="package" target="package-MyApplication" />
            <requires type="/Enterprise" qnameproperty="enterprise_id" nameproperty="enterprise_name" />
            <requires type="/Enterprise/Datacentre" qnameproperty="datacentre_id" nameproperty="datacentre_name" />
            <requires type="/Enterprise/Datacentre/Rack" qnameproperty="rack_id" nameproperty="rack_name" />
            <requires type="/Enterprise/Datacentre/Rack/Node" qnameproperty="node_id" nameproperty="node_name" />
            <requires type="/Enterprise/Service" qnameproperty="service_id" nameproperty="service_name" />
            <requires type="/Enterprise/Service/Environment" qnameproperty="environment_id" nameproperty="environment_name" />
            <requires type="/Enterprise/Service/Environment/Application" qnameproperty="application_id" nameproperty="application_name" />
        </archetype>
        <archetype name="FC9AHS22DB" buildfile="archetypes/ApacheFoundation/ApacheHTTPServer/FC9AHS22DB/build.xml">
            <operation name="build" target="build" />
            <operation name="package" target="package" />
            <requires type="/Enterprise" qnameproperty="enterprise_id" nameproperty="enterprise_name" />
            <requires type="/Enterprise/Datacentre" qnameproperty="datacentre_id" nameproperty="datacentre_name" />
            <requires type="/Enterprise/Datacentre/Rack" qnameproperty="rack_id" nameproperty="rack_name" />
            <requires type="/Enterprise/Datacentre/Rack/Node" qnameproperty="node_id" nameproperty="node_name" />
            <requires type="/Enterprise/Service" qnameproperty="service_id" nameproperty="service_name" />
            <requires type="/Enterprise/Service/Environment" qnameproperty="environment_id" nameproperty="environment_name" />
            <requires type="/Enterprise/Service/Environment/Application" qnameproperty="application_id" nameproperty="application_name" />
        </archetype>
    </archetypes>
</genesis>
